<?xml version="1.0" encoding="UTF-8" ?>  
<!DOCTYPE mapper   
    PUBLIC "-//mybatis.org//DTD Mapper 3.0//EN"   
    "http://mybatis.org/dtd/mybatis-3-mapper.dtd">

<mapper namespace="com.doco.mapper.CampaignMapper">

	<insert id="create">
		insert into dtb_campaign (title, content, writer) values 
		(#{title}, #{content}, #{writer})
	</insert>

	<select id="read" resultType="com.doco.domain.Campaign">
		select
		bno, title, content, writer, regdate, viewcnt
		from
		dtb_campaign
		where bno=#{bno}
	</select>

	<update id="update">
		update dtb_campaign set title = #{title}, content = #{content}
		where bno = #{bno}
	</update>
	
	<delete id="delete">
		delete from dtb_campaign where bno = #{bno}
	</delete>
	
	<select id="listAll" resultType="com.doco.domain.Campaign">
		<![CDATA[
		select
		bno, title, content, writer, regdate, viewcnt
		from
		dtb_campaign
		where bno > 0
		order by bno desc, regdate desc
		]]>
	</select>
	
	<select id="listPage" resultType="Campaign">
		<![CDATA[
		select
		bno, title, content, writer, regdate, viewcnt
		from
		dtb_campaign
		where bno > 0
		order by bno desc, regdate desc
		limit #{page}, 10
		]]>
	</select>
	
	<select id="listCriteria" resultType="Campaign">
		<![CDATA[
		select
		bno, title, content, writer, regdate, viewcnt
		from
		dtb_campaign
		where bno > 0
		order by bno desc, regdate desc
		limit #{pageStart}, #{perPageNum}
		]]>
	</select>
	
	<select id="countPaging" resultType="int">
	    <![CDATA[
	    select
	    count(bno)
	    from
	    dtb_campaign
	    where
	    bno > 0
		]]>
	</select>
</mapper>