<?xml version="1.0" encoding="UTF-8"?>
<beans xmlns="http://www.springframework.org/schema/beans"
	xmlns:xsi="http://www.w3.org/2001/XMLSchema-instance"
	xmlns:mybatis-spring="http://mybatis.org/schema/mybatis-spring"
	xmlns:context="http://www.springframework.org/schema/context"
	xmlns:jdbc="http://www.springframework.org/schema/jdbc"
	xsi:schemaLocation="http://www.springframework.org/schema/jdbc http://www.springframework.org/schema/jdbc/spring-jdbc-4.3.xsd
		http://mybatis.org/schema/mybatis-spring http://mybatis.org/schema/mybatis-spring-1.2.xsd
		http://www.springframework.org/schema/beans http://www.springframework.org/schema/beans/spring-beans.xsd
		http://www.springframework.org/schema/context http://www.springframework.org/schema/context/spring-context-4.3.xsd">
	
	
	
	<!-- Root Context: defines shared resources visible to all other web components -->
	 <bean id="dataSource" class="org.springframework.jdbc.datasource.DriverManagerDataSource">
	     <property name="driverClassName" value="com.mysql.jdbc.Driver"></property>
	     <property name="url" value="jdbc:mysql://192.168.0.32:3306/doco?useSSL=false"></property>
	     <property name="username" value="java97"></property>
	     <property name="password" value="java97"></property>
	 </bean>
	 
	 <!-- MyBatis-Spring 연결코드 -->
	 <bean id="sqlSessionFactory" class="org.mybatis.spring.SqlSessionFactoryBean">
		<property name="dataSource" ref="dataSource" />
		<property name="configLocation" value="classpath:/mybatis-config.xml"></property>
		<property name="mapperLocations" value="classpath:mappers/**/*Mapper.xml"></property>
	 </bean>
	 <bean id="sqlSession" class="org.mybatis.spring.SqlSessionTemplate" destroy-method="clearCache">
		<constructor-arg name="sqlSessionFactory" ref="sqlSessionFactory"></constructor-arg>	
	</bean>
	
	 <!-- Mybatis로 매퍼 스캔 연결 -->
	 <mybatis-spring:scan base-package="com.doco.mappers" />
	 
	 <!-- 스프링 프로젝트에 서비스 등록  -->
	 <context:component-scan base-package="com.doco.persistence"></context:component-scan>
	 <context:component-scan base-package="com.doco.service"></context:component-scan>	
</beans>
